,1,SPRa05,5/03/2015,Maquillaje social profesional de 3hs,"presentación pinceles, SPRa",,5/03/2015,Jue,18:30-21:30,3:00,5/03/2015 18:30:00,5/03/2015 21:30:00
,2,SPRa05,5/03/2015,Maquillaje social profesional de 3hs,"biotipo y fototipo, SPRa",7,12/03/2015,Jue,18:30-21:30,3:00,12/03/2015 18:30:00,12/03/2015 21:30:00
,3,SPRa05,5/03/2015,Maquillaje social profesional de 3hs,"vehiculo e higiene , SPRa",7,19/03/2015,Jue,18:30-21:30,3:00,19/03/2015 18:30:00,19/03/2015 21:30:00
,4,SPRa05,5/03/2015,Maquillaje social profesional de 3hs,"correcciones , SPRa",7,26/03/2015,Jue,18:30-21:30,3:00,26/03/2015 18:30:00,26/03/2015 21:30:00
,5,SPRa05,5/03/2015,Maquillaje social profesional de 3hs,"Bases, SPRa",14,9/04/2015,Jue,18:30-21:30,3:00,9/04/2015 18:30:00,9/04/2015 21:30:00
,6,SPRa05,5/03/2015,Maquillaje social profesional de 3hs,"visagismo en crema, SPRa, P01",7,16/04/2015,Jue,18:30-21:30,3:00,16/04/2015 18:30:00,16/04/2015 21:30:00
,7,SPRa05,5/03/2015,Maquillaje social profesional de 3hs,"visagismo en polvo, SPRa, P01",7,23/04/2015,Jue,18:30-21:30,3:00,23/04/2015 18:30:00,23/04/2015 21:30:00
,8,SPRa05,5/03/2015,Maquillaje social profesional de 3hs,"teoría del color, ojos juntos y separados, SPRa, P04",7,30/04/2015,Jue,18:30-21:30,3:00,30/04/2015 18:30:00,30/04/2015 21:30:00
,9,SPRa05,5/03/2015,Maquillaje social profesional de 3hs,"ojos poco redondos, ojos chicos, delineado, SPRa, P04",7,7/05/2015,Jue,18:30-21:30,3:00,7/05/2015 18:30:00,7/05/2015 21:30:00
,10,SPRa05,5/03/2015,Maquillaje social profesional de 3hs,"ojos Hundidos, saltones, SPRa, P04",7,14/05/2015,Jue,18:30-21:30,3:00,14/05/2015 18:30:00,14/05/2015 21:30:00
,11,SPRa05,5/03/2015,Maquillaje social profesional de 3hs,"ojos caidos y encapotados, colocación de pestañas , SPRa, P04",7,21/05/2015,Jue,18:30-21:30,3:00,21/05/2015 18:30:00,21/05/2015 21:30:00
,12,SPRa05,5/03/2015,Maquillaje social profesional de 3hs,"rubor y perfilado, SPRa",7,28/05/2015,Jue,18:30-21:30,3:00,28/05/2015 18:30:00,28/05/2015 21:30:00
,13,SPRa05,5/03/2015,Maquillaje social profesional de 3hs,"labios, SPRa",7,4/06/2015,Jue,18:30-21:30,3:00,4/06/2015 18:30:00,4/06/2015 21:30:00
,14,SPRa05,5/03/2015,Maquillaje social profesional de 3hs,"adolescentes , SPRa, MPA, P05, P06",7,11/06/2015,Jue,18:30-21:30,3:00,11/06/2015 18:30:00,11/06/2015 21:30:00
,15,SPRa05,5/03/2015,Maquillaje social profesional de 3hs,"novias, SPRa, MPA, P05, P06",7,18/06/2015,Jue,18:30-21:30,3:00,18/06/2015 18:30:00,18/06/2015 21:30:00
,16,SPRa05,5/03/2015,Maquillaje social profesional de 3hs,"rejuvenecimiento , SPRa, MPA, P05",7,25/06/2015,Jue,18:30-21:30,3:00,25/06/2015 18:30:00,25/06/2015 21:30:00
,17,SPRa05,5/03/2015,Maquillaje social profesional de 3hs,"HD Book, SPRa, MPA",7,2/07/2015,Jue,18:30-21:30,3:00,2/07/2015 18:30:00,2/07/2015 21:30:00
,18,SPRa05,5/03/2015,Maquillaje social profesional de 3hs,"fotografía , SPRa, MPA",14,16/07/2015,Jue,18:30-21:30,3:00,16/07/2015 18:30:00,16/07/2015 21:30:00
,19,SPRa05,5/03/2015,Maquillaje social profesional de 3hs,"pasarela book, SPRa, MPA",7,23/07/2015,Jue,18:30-21:30,3:00,23/07/2015 18:30:00,23/07/2015 21:30:00
,20,SPRa05,5/03/2015,Maquillaje social profesional de 3hs,"evaluación , SPRa, MPA",7,30/07/2015,Jue,18:30-21:30,3:00,30/07/2015 18:30:00,30/07/2015 21:30:00
1,1,SPR12,11/04/2015,Maquillaje social profesional ,"presentación pinceles, SPRa",-110,11/04/2015,Sab,14:00-18:00,4:00,11/04/2015 14:00:00,11/04/2015 18:00:00
1,2,SPR12,11/04/2015,Maquillaje social profesional ,"biotipo y fototipo, SPRa",7,18/04/2015,Sab,14:00-18:00,4:00,18/04/2015 14:00:00,18/04/2015 18:00:00
1,3,SPR12,11/04/2015,Maquillaje social profesional ,"vehiculo e higiene , SPRa",14,2/05/2015,Sab,14:00-18:00,4:00,2/05/2015 14:00:00,2/05/2015 18:00:00
1,4,SPR12,11/04/2015,Maquillaje social profesional ,"correcciones , SPRa",7,9/05/2015,Sab,14:00-18:00,4:00,9/05/2015 14:00:00,9/05/2015 18:00:00
1,5,SPR12,11/04/2015,Maquillaje social profesional ,"Bases, SPRa",7,16/05/2015,Sab,14:00-18:00,4:00,16/05/2015 14:00:00,16/05/2015 18:00:00
1,6,SPR12,11/04/2015,Maquillaje social profesional ,"visagismo en crema, SPRa, P01",7,23/05/2015,Sab,14:00-18:00,4:00,23/05/2015 14:00:00,23/05/2015 18:00:00
1,7,SPR12,11/04/2015,Maquillaje social profesional ,"visagismo en polvo, SPRa, P01",21,13/06/2015,Sab,14:00-18:00,4:00,13/06/2015 14:00:00,13/06/2015 18:00:00
1,8,SPR12,11/04/2015,Maquillaje social profesional ,"teoría del color, ojos juntos y separados, SPRa, P04",6,19/06/2015,Vie,14:00-18:00,4:00,19/06/2015 14:00:00,19/06/2015 18:00:00
1,9,SPR12,11/04/2015,Maquillaje social profesional ,"ojos poco redondos, ojos chicos, delineado, SPRa, P04",8,27/06/2015,Sab,14:00-18:00,4:00,27/06/2015 14:00:00,27/06/2015 18:00:00
1,10,SPR12,11/04/2015,Maquillaje social profesional ,"ojos Hundidos, saltones, SPRa, P04",7,4/07/2015,Sab,14:00-18:00,4:00,4/07/2015 14:00:00,4/07/2015 18:00:00
1,11,SPR12,11/04/2015,Maquillaje social profesional ,"ojos caidos y encapotados, colocación de pestañas , SPRa, P04",7,11/07/2015,Sab,14:00-18:00,4:00,11/07/2015 14:00:00,11/07/2015 18:00:00
1,12,SPR12,11/04/2015,Maquillaje social profesional ,"rubor y perfilado, SPRa",7,18/07/2015,Sab,14:00-18:00,4:00,18/07/2015 14:00:00,18/07/2015 18:00:00
1,13,SPR12,11/04/2015,Maquillaje social profesional ,"labios, SPRa",7,25/07/2015,Sab,14:00-18:00,4:00,25/07/2015 14:00:00,25/07/2015 18:00:00
1,14,SPR12,11/04/2015,Maquillaje social profesional ,"adolescentes , SPRa, MPA, P05, P06",7,1/08/2015,Sab,14:00-18:00,4:00,1/08/2015 14:00:00,1/08/2015 18:00:00
1,15,SPR12,11/04/2015,Maquillaje social profesional ,"novias, SPRa, MPA, P05, P06",7,8/08/2015,Sab,14:00-18:00,4:00,8/08/2015 14:00:00,8/08/2015 18:00:00
1,16,SPR12,11/04/2015,Maquillaje social profesional ,"rejuvenecimiento , SPRa, MPA, P05",7,15/08/2015,Sab,14:00-18:00,4:00,15/08/2015 14:00:00,15/08/2015 18:00:00
1,17,SPR12,11/04/2015,Maquillaje social profesional ,"HD Book, SPRa, MPA",7,22/08/2015,Sab,14:00-18:00,4:00,22/08/2015 14:00:00,22/08/2015 18:00:00
1,18,SPR12,11/04/2015,Maquillaje social profesional ,"fotografía , SPRa, MPA",14,5/09/2015,Sab,14:00-18:00,4:00,5/09/2015 14:00:00,5/09/2015 18:00:00
1,19,SPR12,11/04/2015,Maquillaje social profesional ,"pasarela book, SPRa, MPA",7,12/09/2015,Sab,14:00-18:00,4:00,12/09/2015 14:00:00,12/09/2015 18:00:00
1,20,SPR12,11/04/2015,Maquillaje social profesional ,"evaluación , SPRa, MPA",14,26/09/2015,Sab,14:00-18:00,4:00,26/09/2015 14:00:00,26/09/2015 18:00:00
1,1,SPRa02,15/05/2015,Maquillaje social profesional de 3hs,"presentación pinceles, SPRa",-134,15/05/2015,Vie,09:30-12:30,3:00,15/05/2015 9:30:00,15/05/2015 12:30:00
1,2,SPRa02,15/05/2015,Maquillaje social profesional de 3hs,"biotipo y fototipo, SPRa",7,22/05/2015,Vie,09:30-12:30,3:00,22/05/2015 9:30:00,22/05/2015 12:30:00
1,3,SPRa02,15/05/2015,Maquillaje social profesional de 3hs,"vehiculo e higiene , SPRa",7,29/05/2015,Vie,09:30-12:30,3:00,29/05/2015 9:30:00,29/05/2015 12:30:00
1,4,SPRa02,15/05/2015,Maquillaje social profesional de 3hs,"correcciones , SPRa",7,5/06/2015,Vie,09:30-12:30,3:00,5/06/2015 9:30:00,5/06/2015 12:30:00
1,5,SPRa02,15/05/2015,Maquillaje social profesional de 3hs,"Bases, SPRa",7,12/06/2015,Vie,09:30-12:30,3:00,12/06/2015 9:30:00,12/06/2015 12:30:00
1,6,SPRa02,15/05/2015,Maquillaje social profesional de 3hs,"visagismo en crema, SPRa, P01",7,19/06/2015,Vie,09:30-12:30,3:00,19/06/2015 9:30:00,19/06/2015 12:30:00
1,7,SPRa02,15/05/2015,Maquillaje social profesional de 3hs,"visagismo en polvo, SPRa, P01",7,26/06/2015,Vie,09:30-12:30,3:00,26/06/2015 9:30:00,26/06/2015 12:30:00
1,8,SPRa02,15/05/2015,Maquillaje social profesional de 3hs,"teoría del color, ojos juntos y separados, SPRa, P04",7,3/07/2015,Vie,09:30-12:30,3:00,3/07/2015 9:30:00,3/07/2015 12:30:00
1,9,SPRa02,15/05/2015,Maquillaje social profesional de 3hs,"ojos poco redondos, ojos chicos, delineado, SPRa, P04",7,10/07/2015,Vie,09:30-12:30,3:00,10/07/2015 9:30:00,10/07/2015 12:30:00
1,10,SPRa02,15/05/2015,Maquillaje social profesional de 3hs,"ojos Hundidos, saltones, SPRa, P04",7,17/07/2015,Vie,09:30-12:30,3:00,17/07/2015 9:30:00,17/07/2015 12:30:00
1,11,SPRa02,15/05/2015,Maquillaje social profesional de 3hs,"ojos caidos y encapotados, colocación de pestañas , SPRa, P04",7,24/07/2015,Vie,09:30-12:30,3:00,24/07/2015 9:30:00,24/07/2015 12:30:00
1,12,SPRa02,15/05/2015,Maquillaje social profesional de 3hs,"rubor y perfilado, SPRa",7,31/07/2015,Vie,09:30-12:30,3:00,31/07/2015 9:30:00,31/07/2015 12:30:00
1,13,SPRa02,15/05/2015,Maquillaje social profesional de 3hs,"labios, SPRa",7,7/08/2015,Vie,09:30-12:30,3:00,7/08/2015 9:30:00,7/08/2015 12:30:00
1,14,SPRa02,15/05/2015,Maquillaje social profesional de 3hs,"adolescentes , SPRa, MPA, P05, P06",7,14/08/2015,Vie,09:30-12:30,3:00,14/08/2015 9:30:00,14/08/2015 12:30:00
1,15,SPRa02,15/05/2015,Maquillaje social profesional de 3hs,"novias, SPRa, MPA, P05, P06",7,21/08/2015,Vie,09:30-12:30,3:00,21/08/2015 9:30:00,21/08/2015 12:30:00
1,16,SPRa02,15/05/2015,Maquillaje social profesional de 3hs,"rejuvenecimiento , SPRa, MPA, P05",14,4/09/2015,Vie,09:30-12:30,3:00,4/09/2015 9:30:00,4/09/2015 12:30:00
1,17,SPRa02,15/05/2015,Maquillaje social profesional de 3hs,"HD Book, SPRa, MPA",7,11/09/2015,Vie,09:30-12:30,3:00,11/09/2015 9:30:00,11/09/2015 12:30:00
1,18,SPRa02,15/05/2015,Maquillaje social profesional de 3hs,"fotografía , SPRa, MPA",7,18/09/2015,Vie,09:30-12:30,3:00,18/09/2015 9:30:00,18/09/2015 12:30:00
1,19,SPRa02,15/05/2015,Maquillaje social profesional de 3hs,"pasarela book, SPRa, MPA",7,25/09/2015,Vie,09:30-12:30,3:00,25/09/2015 9:30:00,25/09/2015 12:30:00
1,20,SPRa02,15/05/2015,Maquillaje social profesional de 3hs,"evaluación , SPRa, MPA",7,2/10/2015,Vie,09:30-12:30,3:00,2/10/2015 9:30:00,2/10/2015 12:30:00
,21,SIN02,26/05/2015,Maquillaje Social Intensivo,"presentación de pinceles biotipos y fototipos, SIN",-129,26/05/2015,Mar,10:30-17:00,6:30,26/05/2015 10:30:00,26/05/2015 17:00:00
,22,SIN02,26/05/2015,Maquillaje Social Intensivo,"Visagismo en crema correcciones, SIN",7,2/06/2015,Mar,10:30-17:00,6:30,2/06/2015 10:30:00,2/06/2015 17:00:00
,23,SIN02,26/05/2015,Maquillaje Social Intensivo,"Visagismo en polvo bases, SIN",14,16/06/2015,Mar,10:30-17:00,6:30,16/06/2015 10:30:00,16/06/2015 17:00:00
,24,SIN02,26/05/2015,Maquillaje Social Intensivo,"Rubor y perfilado, SIN",7,23/06/2015,Mar,10:30-17:00,6:30,23/06/2015 10:30:00,23/06/2015 17:00:00
,25,SIN02,26/05/2015,Maquillaje Social Intensivo,"Teoria del color, ojos, SIN, P03, TMO, P07",7,30/06/2015,Mar,10:30-17:00,6:30,30/06/2015 10:30:00,30/06/2015 17:00:00
,26,SIN02,26/05/2015,Maquillaje Social Intensivo,"ojos y delineados, SIN, P03, TMO, P07",7,7/07/2015,Mar,10:30-17:00,6:30,7/07/2015 10:30:00,7/07/2015 17:00:00
,27,SIN02,26/05/2015,Maquillaje Social Intensivo,"HD y Evaluacion, SIN",7,14/07/2015,Mar,10:30-17:00,6:30,14/07/2015 10:30:00,14/07/2015 17:00:00
,50,TMA01,26/06/2015,Maquillaje Fantasía,"sin definir fantasia, TMA",-18,26/06/2015,Vie,14:00-17:00,3:00,26/06/2015 14:00:00,26/06/2015 17:00:00
,51,TMA01,26/06/2015,Maquillaje Fantasía,"sin definir fantasia, TMA",7,3/07/2015,Vie,14:00-17:00,3:00,3/07/2015 14:00:00,3/07/2015 17:00:00
,52,TMA01,26/06/2015,Maquillaje Fantasía,"sin definir fantasia, TMA, MPA",7,10/07/2015,Vie,14:00-17:00,3:00,10/07/2015 14:00:00,10/07/2015 17:00:00
,53,TMA01,26/06/2015,Maquillaje Fantasía,"sin definir fantasia, TMA",7,17/07/2015,Vie,14:00-17:00,3:00,17/07/2015 14:00:00,17/07/2015 17:00:00
,6,P0101,29/06/2015,Visagismo,"visagismo en crema, SPRa, P01",-18,29/06/2015,Lun,14:00-17:00,3:00,29/06/2015 14:00:00,29/06/2015 17:00:00
,7,P0101,29/06/2015,Visagismo,"visagismo en polvo, SPRa, P01",7,6/07/2015,Lun,14:00-17:00,3:00,6/07/2015 14:00:00,6/07/2015 17:00:00
,25,P0301,30/06/2015,Perfeccionamiento de ojos intensivo,"Teoria del color, ojos, SIN, P03, TMO, P07",-6,30/06/2015,Mar,10:30-17:00,6:30,30/06/2015 10:30:00,30/06/2015 17:00:00
,26,P0301,30/06/2015,Perfeccionamiento de ojos intensivo,"ojos y delineados, SIN, P03, TMO, P07",7,7/07/2015,Mar,10:30-17:00,6:30,7/07/2015 10:30:00,7/07/2015 17:00:00
1,25,TMO05,30/06/2015,Perfeccionamiento de ojos,"Teoria del color, ojos, SIN, P03, TMO, P07",-7,30/06/2015,Mar,10:30-13:30,3:00,30/06/2015 10:30:00,30/06/2015 13:30:00
1,26,TMO05,30/06/2015,Perfeccionamiento de ojos,"ojos y delineados, SIN, P03, TMO, P07",7,7/07/2015,Mar,10:30-13:30,3:00,7/07/2015 10:30:00,7/07/2015 13:30:00
1,54,TMO05,30/06/2015,Perfeccionamiento de ojos,"sin definir ojos, TMO",7,14/07/2015,Mar,10:30-13:30,3:00,14/07/2015 10:30:00,14/07/2015 13:30:00
1,55,TMO05,30/06/2015,Perfeccionamiento de ojos,"sin definir ojos, TMO",7,21/07/2015,Mar,10:30-13:30,3:00,21/07/2015 10:30:00,21/07/2015 13:30:00
,8,P0401,3/07/2015,Perfeccionamiento de ojos,"teoría del color, ojos juntos y separados, SPRa, P04",-18,3/07/2015,Vie,09:30-12:30,3:00,3/07/2015 9:30:00,3/07/2015 12:30:00
,9,P0401,3/07/2015,Perfeccionamiento de ojos,"ojos poco redondos, ojos chicos, delineado, SPRa, P04",7,10/07/2015,Vie,09:30-12:30,3:00,10/07/2015 9:30:00,10/07/2015 12:30:00
,10,P0401,3/07/2015,Perfeccionamiento de ojos,"ojos Hundidos, saltones, SPRa, P04",7,17/07/2015,Vie,09:30-12:30,3:00,17/07/2015 9:30:00,17/07/2015 12:30:00
,11,P0401,3/07/2015,Perfeccionamiento de ojos,"ojos caidos y encapotados, colocación de pestañas , SPRa, P04",7,24/07/2015,Vie,09:30-12:30,3:00,24/07/2015 9:30:00,24/07/2015 12:30:00
,14,MPA02,4/07/2015,Maquillaje Profesional Avanzado,"adolescentes , SPRa, MPA, P05, P06",-20,4/07/2015,Sab,10:00-14:00,4:00,4/07/2015 10:00:00,4/07/2015 14:00:00
,15,MPA02,4/07/2015,Maquillaje Profesional Avanzado,"novias, SPRa, MPA, P05, P06",7,11/07/2015,Sab,10:00-14:00,4:00,11/07/2015 10:00:00,11/07/2015 14:00:00
,16,MPA02,4/07/2015,Maquillaje Profesional Avanzado,"rejuvenecimiento , SPRa, MPA, P05",7,18/07/2015,Sab,10:00-14:00,4:00,18/07/2015 10:00:00,18/07/2015 14:00:00
,17,MPA02,4/07/2015,Maquillaje Profesional Avanzado,"HD Book, SPRa, MPA",7,25/07/2015,Sab,10:00-14:00,4:00,25/07/2015 10:00:00,25/07/2015 14:00:00
,18,MPA02,4/07/2015,Maquillaje Profesional Avanzado,"fotografía , SPRa, MPA",7,1/08/2015,Sab,10:00-14:00,4:00,1/08/2015 10:00:00,1/08/2015 14:00:00
,19,MPA02,4/07/2015,Maquillaje Profesional Avanzado,"pasarela book, SPRa, MPA",7,8/08/2015,Sab,10:00-14:00,4:00,8/08/2015 10:00:00,8/08/2015 14:00:00
,52,MPA02,4/07/2015,Maquillaje Profesional Avanzado,"sin definir fantasia, TMA, MPA",7,15/08/2015,Sab,10:00-14:00,4:00,15/08/2015 10:00:00,15/08/2015 14:00:00
,20,MPA02,4/07/2015,Maquillaje Profesional Avanzado,"evaluación , SPRa, MPA",7,22/08/2015,Sab,10:00-14:00,4:00,22/08/2015 10:00:00,22/08/2015 14:00:00
,14,P0501,4/07/2015,Adolescentes novias y madrinas,"adolescentes , SPRa, MPA, P05, P06",-49,4/07/2015,Sab,10:00-14:00,4:00,4/07/2015 10:00:00,4/07/2015 14:00:00
,15,P0501,4/07/2015,Adolescentes novias y madrinas,"novias, SPRa, MPA, P05, P06",7,11/07/2015,Sab,10:00-14:00,4:00,11/07/2015 10:00:00,11/07/2015 14:00:00
,16,P0501,4/07/2015,Adolescentes novias y madrinas,"rejuvenecimiento , SPRa, MPA, P05",7,18/07/2015,Sab,10:00-14:00,4:00,18/07/2015 10:00:00,18/07/2015 14:00:00
1,1,SPRa03,4/07/2015,Maquillaje social profesional de 3hs,"presentación pinceles, SPRa",-14,4/07/2015,Sab,15:30-18:30,3:00,4/07/2015 15:30:00,4/07/2015 18:30:00
1,2,SPRa03,4/07/2015,Maquillaje social profesional de 3hs,"biotipo y fototipo, SPRa",7,11/07/2015,Sab,15:30-18:30,3:00,11/07/2015 15:30:00,11/07/2015 18:30:00
1,3,SPRa03,4/07/2015,Maquillaje social profesional de 3hs,"vehiculo e higiene , SPRa",7,18/07/2015,Sab,15:30-18:30,3:00,18/07/2015 15:30:00,18/07/2015 18:30:00
1,4,SPRa03,4/07/2015,Maquillaje social profesional de 3hs,"correcciones , SPRa",7,25/07/2015,Sab,15:30-18:30,3:00,25/07/2015 15:30:00,25/07/2015 18:30:00
1,5,SPRa03,4/07/2015,Maquillaje social profesional de 3hs,"Bases, SPRa",7,1/08/2015,Sab,15:30-18:30,3:00,1/08/2015 15:30:00,1/08/2015 18:30:00
1,6,SPRa03,4/07/2015,Maquillaje social profesional de 3hs,"visagismo en crema, SPRa, P01",7,8/08/2015,Sab,15:30-18:30,3:00,8/08/2015 15:30:00,8/08/2015 18:30:00
1,7,SPRa03,4/07/2015,Maquillaje social profesional de 3hs,"visagismo en polvo, SPRa, P01",7,15/08/2015,Sab,15:30-18:30,3:00,15/08/2015 15:30:00,15/08/2015 18:30:00
1,8,SPRa03,4/07/2015,Maquillaje social profesional de 3hs,"teoría del color, ojos juntos y separados, SPRa, P04",7,22/08/2015,Sab,15:30-18:30,3:00,22/08/2015 15:30:00,22/08/2015 18:30:00
1,9,SPRa03,4/07/2015,Maquillaje social profesional de 3hs,"ojos poco redondos, ojos chicos, delineado, SPRa, P04",14,5/09/2015,Sab,15:30-18:30,3:00,5/09/2015 15:30:00,5/09/2015 18:30:00
1,10,SPRa03,4/07/2015,Maquillaje social profesional de 3hs,"ojos Hundidos, saltones, SPRa, P04",7,12/09/2015,Sab,15:30-18:30,3:00,12/09/2015 15:30:00,12/09/2015 18:30:00
1,11,SPRa03,4/07/2015,Maquillaje social profesional de 3hs,"ojos caidos y encapotados, colocación de pestañas , SPRa, P04",14,26/09/2015,Sab,15:30-18:30,3:00,26/09/2015 15:30:00,26/09/2015 18:30:00
1,12,SPRa03,4/07/2015,Maquillaje social profesional de 3hs,"rubor y perfilado, SPRa",7,3/10/2015,Sab,15:30-18:30,3:00,3/10/2015 15:30:00,3/10/2015 18:30:00
1,13,SPRa03,4/07/2015,Maquillaje social profesional de 3hs,"labios, SPRa",7,10/10/2015,Sab,15:30-18:30,3:00,10/10/2015 15:30:00,10/10/2015 18:30:00
1,14,SPRa03,4/07/2015,Maquillaje social profesional de 3hs,"adolescentes , SPRa, MPA, P05, P06",7,17/10/2015,Sab,15:30-18:30,3:00,17/10/2015 15:30:00,17/10/2015 18:30:00
1,15,SPRa03,4/07/2015,Maquillaje social profesional de 3hs,"novias, SPRa, MPA, P05, P06",7,24/10/2015,Sab,15:30-18:30,3:00,24/10/2015 15:30:00,24/10/2015 18:30:00
1,16,SPRa03,4/07/2015,Maquillaje social profesional de 3hs,"rejuvenecimiento , SPRa, MPA, P05",7,31/10/2015,Sab,15:30-18:30,3:00,31/10/2015 15:30:00,31/10/2015 18:30:00
1,17,SPRa03,4/07/2015,Maquillaje social profesional de 3hs,"HD Book, SPRa, MPA",7,7/11/2015,Sab,15:30-18:30,3:00,7/11/2015 15:30:00,7/11/2015 18:30:00
1,18,SPRa03,4/07/2015,Maquillaje social profesional de 3hs,"fotografía , SPRa, MPA",7,14/11/2015,Sab,15:30-18:30,3:00,14/11/2015 15:30:00,14/11/2015 18:30:00
1,19,SPRa03,4/07/2015,Maquillaje social profesional de 3hs,"pasarela book, SPRa, MPA",7,21/11/2015,Sab,15:30-18:30,3:00,21/11/2015 15:30:00,21/11/2015 18:30:00
1,20,SPRa03,4/07/2015,Maquillaje social profesional de 3hs,"evaluación , SPRa, MPA",7,28/11/2015,Sab,15:30-18:30,3:00,28/11/2015 15:30:00,28/11/2015 18:30:00
1,1,SPRa04,8/07/2015,Maquillaje social profesional de 3hs,"presentación pinceles, SPRa",-143,8/07/2015,Mie,18:30-21:30,3:00,8/07/2015 18:30:00,8/07/2015 21:30:00
1,2,SPRa04,8/07/2015,Maquillaje social profesional de 3hs,"biotipo y fototipo, SPRa",7,15/07/2015,Mie,18:30-21:30,3:00,15/07/2015 18:30:00,15/07/2015 21:30:00
1,3,SPRa04,8/07/2015,Maquillaje social profesional de 3hs,"vehiculo e higiene , SPRa",7,22/07/2015,Mie,18:30-21:30,3:00,22/07/2015 18:30:00,22/07/2015 21:30:00
1,4,SPRa04,8/07/2015,Maquillaje social profesional de 3hs,"correcciones , SPRa",7,29/07/2015,Mie,18:30-21:30,3:00,29/07/2015 18:30:00,29/07/2015 21:30:00
1,5,SPRa04,8/07/2015,Maquillaje social profesional de 3hs,"Bases, SPRa",7,5/08/2015,Mie,18:30-21:30,3:00,5/08/2015 18:30:00,5/08/2015 21:30:00
1,6,SPRa04,8/07/2015,Maquillaje social profesional de 3hs,"visagismo en crema, SPRa, P01",7,12/08/2015,Mie,18:30-21:30,3:00,12/08/2015 18:30:00,12/08/2015 21:30:00
1,7,SPRa04,8/07/2015,Maquillaje social profesional de 3hs,"visagismo en polvo, SPRa, P01",7,19/08/2015,Mie,18:30-21:30,3:00,19/08/2015 18:30:00,19/08/2015 21:30:00
1,8,SPRa04,8/07/2015,Maquillaje social profesional de 3hs,"teoría del color, ojos juntos y separados, SPRa, P04",7,26/08/2015,Mie,18:30-21:30,3:00,26/08/2015 18:30:00,26/08/2015 21:30:00
1,9,SPRa04,8/07/2015,Maquillaje social profesional de 3hs,"ojos poco redondos, ojos chicos, delineado, SPRa, P04",7,2/09/2015,Mie,18:30-21:30,3:00,2/09/2015 18:30:00,2/09/2015 21:30:00
1,10,SPRa04,8/07/2015,Maquillaje social profesional de 3hs,"ojos Hundidos, saltones, SPRa, P04",7,9/09/2015,Mie,18:30-21:30,3:00,9/09/2015 18:30:00,9/09/2015 21:30:00
1,11,SPRa04,8/07/2015,Maquillaje social profesional de 3hs,"ojos caidos y encapotados, colocación de pestañas , SPRa, P04",7,16/09/2015,Mie,18:30-21:30,3:00,16/09/2015 18:30:00,16/09/2015 21:30:00
1,12,SPRa04,8/07/2015,Maquillaje social profesional de 3hs,"rubor y perfilado, SPRa",7,23/09/2015,Mie,18:30-21:30,3:00,23/09/2015 18:30:00,23/09/2015 21:30:00
1,13,SPRa04,8/07/2015,Maquillaje social profesional de 3hs,"labios, SPRa",7,30/09/2015,Mie,18:30-21:30,3:00,30/09/2015 18:30:00,30/09/2015 21:30:00
1,14,SPRa04,8/07/2015,Maquillaje social profesional de 3hs,"adolescentes , SPRa, MPA, P05, P06",7,7/10/2015,Mie,18:30-21:30,3:00,7/10/2015 18:30:00,7/10/2015 21:30:00
1,15,SPRa04,8/07/2015,Maquillaje social profesional de 3hs,"novias, SPRa, MPA, P05, P06",7,14/10/2015,Mie,18:30-21:30,3:00,14/10/2015 18:30:00,14/10/2015 21:30:00
1,16,SPRa04,8/07/2015,Maquillaje social profesional de 3hs,"rejuvenecimiento , SPRa, MPA, P05",7,21/10/2015,Mie,18:30-21:30,3:00,21/10/2015 18:30:00,21/10/2015 21:30:00
1,17,SPRa04,8/07/2015,Maquillaje social profesional de 3hs,"HD Book, SPRa, MPA",7,28/10/2015,Mie,18:30-21:30,3:00,28/10/2015 18:30:00,28/10/2015 21:30:00
1,18,SPRa04,8/07/2015,Maquillaje social profesional de 3hs,"fotografía , SPRa, MPA",7,4/11/2015,Mie,18:30-21:30,3:00,4/11/2015 18:30:00,4/11/2015 21:30:00
1,19,SPRa04,8/07/2015,Maquillaje social profesional de 3hs,"pasarela book, SPRa, MPA",7,11/11/2015,Mie,18:30-21:30,3:00,11/11/2015 18:30:00,11/11/2015 21:30:00
1,20,SPRa04,8/07/2015,Maquillaje social profesional de 3hs,"evaluación , SPRa, MPA",7,18/11/2015,Mie,18:30-21:30,3:00,18/11/2015 18:30:00,18/11/2015 21:30:00
1,8,P0402,13/07/2015,Perfeccionamiento de ojos,"teoría del color, ojos juntos y separados, SPRa, P04",-128,13/07/2015,Lun,14:00-17:00,3:00,13/07/2015 14:00:00,13/07/2015 17:00:00
1,9,P0402,13/07/2015,Perfeccionamiento de ojos,"ojos poco redondos, ojos chicos, delineado, SPRa, P04",7,20/07/2015,Lun,14:00-17:00,3:00,20/07/2015 14:00:00,20/07/2015 17:00:00
1,10,P0402,13/07/2015,Perfeccionamiento de ojos,"ojos Hundidos, saltones, SPRa, P04",7,27/07/2015,Lun,14:00-17:00,3:00,27/07/2015 14:00:00,27/07/2015 17:00:00
1,11,P0402,13/07/2015,Perfeccionamiento de ojos,"ojos caidos y encapotados, colocación de pestañas , SPRa, P04",7,3/08/2015,Lun,14:00-17:00,3:00,3/08/2015 14:00:00,3/08/2015 17:00:00
,56,MAM01,20/07/2015,Maratón de automaquillaje,"Tips de automaquillaje, MAM",-14,20/07/2015,Lun,17:00-21:00,4:00,20/07/2015 17:00:00,20/07/2015 21:00:00
,57,MPAI01,21/07/2015,Maquillaje Profesional Avanzado intensivo,"Adolescentes y novias, MPAI",1,21/07/2015,Mar,17:00-22:00,5:00,21/07/2015 17:00:00,21/07/2015 22:00:00
,58,MPAI01,21/07/2015,Maquillaje Profesional Avanzado intensivo,"Madrinas Rejuvenecimiento colocación de pestañas postizas, MPAI",1,22/07/2015,Mie,17:00-22:00,5:00,22/07/2015 17:00:00,22/07/2015 22:00:00
,59,MPAI01,21/07/2015,Maquillaje Profesional Avanzado intensivo,"Fotografia y HD, MPAI",1,23/07/2015,Jue,17:00-22:00,5:00,23/07/2015 17:00:00,23/07/2015 22:00:00
,60,MPAI01,21/07/2015,Maquillaje Profesional Avanzado intensivo,"Pasarela y book, MPAI",1,24/07/2015,Vie,17:00-22:00,5:00,24/07/2015 17:00:00,24/07/2015 22:00:00
,14,P0601,21/07/2015,Adolescentes novias y madrinas Intensivo,"adolescentes , SPRa, MPA, P05, P06",-3,21/07/2015,Mar,17:00-22:00,5:00,21/07/2015 17:00:00,21/07/2015 22:00:00
,15,P0601,21/07/2015,Adolescentes novias y madrinas Intensivo,"novias, SPRa, MPA, P05, P06",1,22/07/2015,Mie,17:00-22:00,5:00,22/07/2015 17:00:00,22/07/2015 22:00:00
,61,MAII01,22/07/2015,Maquillaje artístico infantil intensivo,"Reconocimiento de los materiales adecuados, diferentes usos de los pinceles y esponjas, eleccion de los colores en funcion de los tonos de piel. Teoria y práctica de diseño: corazones, vaquita de san antonio y flores., MAII, AIN",0,22/07/2015,Mie,15:00-18:00,3:00,22/07/2015 15:00:00,22/07/2015 18:00:00
,62,MAII01,22/07/2015,Maquillaje artístico infantil intensivo,"Teoria y práctica de diseños: mariposas arañas escorpión pirata serpiente delfín y calavera. Como adaptar el maquillaje a diferentes edades y ocasiones, MAII, AIN",2,24/07/2015,Vie,15:00-18:00,3:00,24/07/2015 15:00:00,24/07/2015 18:00:00
,63,MAII01,22/07/2015,Maquillaje artístico infantil intensivo,"Teoría y práctica de diseño: antifaces hombre araña batman, Zombie, Brujas, Drácula, Monster High, MAII, AIN",5,29/07/2015,Mie,15:00-18:00,3:00,29/07/2015 15:00:00,29/07/2015 18:00:00
,64,MAII01,22/07/2015,Maquillaje artístico infantil intensivo,"Teoría y práctica de diseño: animales calaveras. Aplicación de accesorios plumas strasses y heridas. Técnicas y secretos para realizar u trabajo en pocos minutos., MAII, AIN",2,31/07/2015,Vie,15:00-18:00,3:00,31/07/2015 15:00:00,31/07/2015 18:00:00
,25,P0701,24/07/2015,Perfeccionamiento de ojos super intensivo,"Teoria del color, ojos, SIN, P03, TMO, P07",-7,24/07/2015,Vie,09:30-16:30,7:00,24/07/2015 9:30:00,24/07/2015 16:30:00
,26,P0701,24/07/2015,Perfeccionamiento de ojos super intensivo,"ojos y delineados, SIN, P03, TMO, P07",1,25/07/2015,Sab,09:30-16:30,7:00,25/07/2015 9:30:00,25/07/2015 16:30:00
,21,SIN04,27/07/2015,Maquillaje Social Intensivo,"presentación de pinceles biotipos y fototipos, SIN",2,27/07/2015,Lun,09:30-16:30,7:00,27/07/2015 9:30:00,27/07/2015 16:30:00
,22,SIN04,27/07/2015,Maquillaje Social Intensivo,"Visagismo en crema correcciones, SIN",1,28/07/2015,Mar,09:30-16:30,7:00,28/07/2015 9:30:00,28/07/2015 16:30:00
,23,SIN04,27/07/2015,Maquillaje Social Intensivo,"Visagismo en polvo bases, SIN",1,29/07/2015,Mie,09:30-16:30,7:00,29/07/2015 9:30:00,29/07/2015 16:30:00
,24,SIN04,27/07/2015,Maquillaje Social Intensivo,"Rubor y perfilado, SIN",1,30/07/2015,Jue,09:30-16:30,7:00,30/07/2015 9:30:00,30/07/2015 16:30:00
,25,SIN04,27/07/2015,Maquillaje Social Intensivo,"Teoria del color, ojos, SIN, P03, TMO, P07",1,31/07/2015,Vie,09:30-16:30,7:00,31/07/2015 9:30:00,31/07/2015 16:30:00
,26,SIN04,27/07/2015,Maquillaje Social Intensivo,"ojos y delineados, SIN, P03, TMO, P07",1,1/08/2015,Sab,09:30-16:30,7:00,1/08/2015 9:30:00,1/08/2015 16:30:00
,57,MPAI02,28/07/2015,Maquillaje Profesional Avanzado intensivo,"Adolescentes y novias, MPAI",-4,28/07/2015,Mar,17:00-22:00,5:00,28/07/2015 17:00:00,28/07/2015 22:00:00
,58,MPAI02,28/07/2015,Maquillaje Profesional Avanzado intensivo,"Madrinas Rejuvenecimiento colocación de pestañas postizas, MPAI",1,29/07/2015,Mie,17:00-22:00,5:00,29/07/2015 17:00:00,29/07/2015 22:00:00
,59,MPAI02,28/07/2015,Maquillaje Profesional Avanzado intensivo,"Fotografia y HD, MPAI",1,30/07/2015,Jue,17:00-22:00,5:00,30/07/2015 17:00:00,30/07/2015 22:00:00
,60,MPAI02,28/07/2015,Maquillaje Profesional Avanzado intensivo,"Pasarela y book, MPAI",1,31/07/2015,Vie,17:00-22:00,5:00,31/07/2015 17:00:00,31/07/2015 22:00:00
,14,P0602,28/07/2015,Adolescentes novias y madrinas Intensivo,"adolescentes , SPRa, MPA, P05, P06",-3,28/07/2015,Mar,17:00-22:00,5:00,28/07/2015 17:00:00,28/07/2015 22:00:00
,15,P0602,28/07/2015,Adolescentes novias y madrinas Intensivo,"novias, SPRa, MPA, P05, P06",1,29/07/2015,Mie,17:00-22:00,5:00,29/07/2015 17:00:00,29/07/2015 22:00:00
,25,P0702,31/07/2015,Perfeccionamiento de ojos super intensivo,"Teoria del color, ojos, SIN, P03, TMO, P07",2,31/07/2015,Vie,09:30-16:30,7:00,31/07/2015 9:30:00,31/07/2015 16:30:00
,26,P0702,31/07/2015,Perfeccionamiento de ojos super intensivo,"ojos y delineados, SIN, P03, TMO, P07",1,1/08/2015,Sab,09:30-16:30,7:00,1/08/2015 9:30:00,1/08/2015 16:30:00
1,14,P0503,1/08/2015,Adolescentes novias y madrinas,"adolescentes , SPRa, MPA, P05, P06",0,1/08/2015,Sab,14:00-18:00,4:00,1/08/2015 14:00:00,1/08/2015 18:00:00
1,15,P0503,1/08/2015,Adolescentes novias y madrinas,"novias, SPRa, MPA, P05, P06",7,8/08/2015,Sab,14:00-18:00,4:00,8/08/2015 14:00:00,8/08/2015 18:00:00
1,16,P0503,1/08/2015,Adolescentes novias y madrinas,"rejuvenecimiento , SPRa, MPA, P05",7,15/08/2015,Sab,14:00-18:00,4:00,15/08/2015 14:00:00,15/08/2015 18:00:00
,84,W0101,4/08/2015,Workshop de teoria del color,"Teoria del color , W01",-4,11/08/2015,Mar,10:30-15:30,5:00,11/08/2015 10:30:00,11/08/2015 15:30:00
,84,W0102,6/08/2015,Workshop de teoria del color,"Teoria del color , W01",-5,6/08/2015,Jue,15:00-20:00,5:00,6/08/2015 15:00:00,6/08/2015 20:00:00
,65,MAA01,7/08/2015,Maquillaje artístico,"Temario a definir clase 1, MAA",1,7/08/2015,Vie,14:00-17:00,3:00,7/08/2015 14:00:00,7/08/2015 17:00:00
,66,MAA01,7/08/2015,Maquillaje artístico,"Temario a definir clase 2, MAA",7,14/08/2015,Vie,14:00-17:00,3:00,14/08/2015 14:00:00,14/08/2015 17:00:00
,67,MAA01,7/08/2015,Maquillaje artístico,"Temario a definir clase 3, MAA",7,21/08/2015,Vie,14:00-17:00,3:00,21/08/2015 14:00:00,21/08/2015 17:00:00
,68,MAA01,7/08/2015,Maquillaje artístico,"Temario a definir clase 4, MAA",14,4/09/2015,Vie,14:00-17:00,3:00,4/09/2015 14:00:00,4/09/2015 17:00:00
,69,MAA01,7/08/2015,Maquillaje artístico,"Temario a definir clase 5, MAA",7,11/09/2015,Vie,14:00-17:00,3:00,11/09/2015 14:00:00,11/09/2015 17:00:00
,70,MAA01,7/08/2015,Maquillaje artístico,"Temario a definir clase 6, MAA",7,18/09/2015,Vie,14:00-17:00,3:00,18/09/2015 14:00:00,18/09/2015 17:00:00
,71,MAA01,7/08/2015,Maquillaje artístico,"Temario a definir clase 7, MAA",7,25/09/2015,Vie,14:00-17:00,3:00,25/09/2015 14:00:00,25/09/2015 17:00:00
,72,MAA01,7/08/2015,Maquillaje artístico,"Temario a definir clase 8, MAA",7,2/10/2015,Vie,14:00-17:00,3:00,2/10/2015 14:00:00,2/10/2015 17:00:00
,73,MAA01,7/08/2015,Maquillaje artístico,"Temario a definir clase 9, MAA",7,9/10/2015,Vie,14:00-17:00,3:00,9/10/2015 14:00:00,9/10/2015 17:00:00
,74,MAA01,7/08/2015,Maquillaje artístico,"Temario a definir clase 10, MAA",7,16/10/2015,Vie,14:00-17:00,3:00,16/10/2015 14:00:00,16/10/2015 17:00:00
,75,MAA01,7/08/2015,Maquillaje artístico,"Temario a definir clase 11, MAA",14,30/10/2015,Vie,14:00-17:00,3:00,30/10/2015 14:00:00,30/10/2015 17:00:00
,76,MAA01,7/08/2015,Maquillaje artístico,"Temario a definir clase 12, MAA",7,6/11/2015,Vie,14:00-17:00,3:00,6/11/2015 14:00:00,6/11/2015 17:00:00
,77,MAA01,7/08/2015,Maquillaje artístico,"Temario a definir clase 13, MAA",7,13/11/2015,Vie,14:00-17:00,3:00,13/11/2015 14:00:00,13/11/2015 17:00:00
,78,MAA01,7/08/2015,Maquillaje artístico,"Temario a definir clase 14, MAA",7,20/11/2015,Vie,14:00-17:00,3:00,20/11/2015 14:00:00,20/11/2015 17:00:00
,79,MAA01,7/08/2015,Maquillaje artístico,"Temario a definir clase 15, MAA",7,27/11/2015,Vie,14:00-17:00,3:00,27/11/2015 14:00:00,27/11/2015 17:00:00
,80,MAA01,7/08/2015,Maquillaje artístico,"Temario a definir clase 16, MAA",7,4/12/2015,Vie,14:00-17:00,3:00,4/12/2015 14:00:00,4/12/2015 17:00:00
1,61,AIN03,8/08/2015,Maquillaje artístico infantil,"Reconocimiento de los materiales adecuados, diferentes usos de los pinceles y esponjas, eleccion de los colores en funcion de los tonos de piel. Teoria y práctica de diseño: corazones, vaquita de san antonio y flores., MAII, AIN",-118,8/08/2015,Sab,10:00-13:00,3:00,8/08/2015 10:00:00,8/08/2015 13:00:00
1,62,AIN03,8/08/2015,Maquillaje artístico infantil,"Teoria y práctica de diseños: mariposas arañas escorpión pirata serpiente delfín y calavera. Como adaptar el maquillaje a diferentes edades y ocasiones, MAII, AIN",7,15/08/2015,Sab,10:00-13:00,3:00,15/08/2015 10:00:00,15/08/2015 13:00:00
1,63,AIN03,8/08/2015,Maquillaje artístico infantil,"Teoría y práctica de diseño: antifaces hombre araña batman, Zombie, Brujas, Drácula, Monster High, MAII, AIN",7,22/08/2015,Sab,10:00-13:00,3:00,22/08/2015 10:00:00,22/08/2015 13:00:00
1,64,AIN03,8/08/2015,Maquillaje artístico infantil,"Teoría y práctica de diseño: animales calaveras. Aplicación de accesorios plumas strasses y heridas. Técnicas y secretos para realizar u trabajo en pocos minutos., MAII, AIN",14,5/09/2015,Sab,10:00-13:00,3:00,5/09/2015 10:00:00,5/09/2015 13:00:00
1,6,P0102,8/08/2015,Visagismo,"visagismo en crema, SPRa, P01",-28,8/08/2015,Sab,15:30-18:30,3:00,8/08/2015 15:30:00,8/08/2015 18:30:00
1,7,P0102,8/08/2015,Visagismo,"visagismo en polvo, SPRa, P01",7,15/08/2015,Sab,15:30-18:30,3:00,15/08/2015 15:30:00,15/08/2015 18:30:00
1,84,W0105,11/08/2015,Workshop de teoria del color,"Teoria del color , W01",-4,11/08/2015,Mar,10:30-15:30,5:00,11/08/2015 10:30:00,11/08/2015 15:30:00
,28,CMT03,12/08/2015,Cosmetología,"todavia sin definir 1, CMT",1,12/08/2015,Mie,14:00-18:00,4:00,12/08/2015 14:00:00,12/08/2015 18:00:00
,29,CMT03,12/08/2015,Cosmetología,"todavia sin definir 2, CMT",14,26/08/2015,Mie,14:00-18:00,4:00,26/08/2015 14:00:00,26/08/2015 18:00:00
,30,CMT03,12/08/2015,Cosmetología,"todavia sin definir 3, CMT",7,2/09/2015,Mie,14:00-18:00,4:00,2/09/2015 14:00:00,2/09/2015 18:00:00
,31,CMT03,12/08/2015,Cosmetología,"todavia sin definir 4, CMT",7,9/09/2015,Mie,14:00-18:00,4:00,9/09/2015 14:00:00,9/09/2015 18:00:00
,32,CMT03,12/08/2015,Cosmetología,"todavia sin definir 5, CMT",7,16/09/2015,Mie,14:00-18:00,4:00,16/09/2015 14:00:00,16/09/2015 18:00:00
,33,CMT03,12/08/2015,Cosmetología,"todavia sin definir 6, CMT",7,23/09/2015,Mie,14:00-18:00,4:00,23/09/2015 14:00:00,23/09/2015 18:00:00
,34,CMT03,12/08/2015,Cosmetología,"todavia sin definir 7, CMT",7,30/09/2015,Mie,14:00-18:00,4:00,30/09/2015 14:00:00,30/09/2015 18:00:00
,35,CMT03,12/08/2015,Cosmetología,"todavia sin definir 8, CMT",7,7/10/2015,Mie,14:00-18:00,4:00,7/10/2015 14:00:00,7/10/2015 18:00:00
,36,CMT03,12/08/2015,Cosmetología,"todavia sin definir 9, CMT",7,14/10/2015,Mie,14:00-18:00,4:00,14/10/2015 14:00:00,14/10/2015 18:00:00
,37,CMT03,12/08/2015,Cosmetología,"todavia sin definir 10, CMT",7,21/10/2015,Mie,14:00-18:00,4:00,21/10/2015 14:00:00,21/10/2015 18:00:00
,38,CMT03,12/08/2015,Cosmetología,"todavia sin definir 11, CMT",7,28/10/2015,Mie,14:00-18:00,4:00,28/10/2015 14:00:00,28/10/2015 18:00:00
,39,CMT03,12/08/2015,Cosmetología,"todavia sin definir 12, CMT",7,4/11/2015,Mie,14:00-18:00,4:00,4/11/2015 14:00:00,4/11/2015 18:00:00
,40,CMT03,12/08/2015,Cosmetología,"todavia sin definir 13, CMT",7,11/11/2015,Mie,14:00-18:00,4:00,11/11/2015 14:00:00,11/11/2015 18:00:00
,41,CMT03,12/08/2015,Cosmetología,"todavia sin definir 14, CMT",7,18/11/2015,Mie,14:00-18:00,4:00,18/11/2015 14:00:00,18/11/2015 18:00:00
,42,CMT03,12/08/2015,Cosmetología,"todavia sin definir 15, CMT",7,25/11/2015,Mie,14:00-18:00,4:00,25/11/2015 14:00:00,25/11/2015 18:00:00
,43,CMT03,12/08/2015,Cosmetología,"todavia sin definir 16, CMT",7,2/12/2015,Mie,14:00-18:00,4:00,2/12/2015 14:00:00,2/12/2015 18:00:00
,44,CMT03,12/08/2015,Cosmetología,"todavia sin definir 17, CMT",7,9/12/2015,Mie,14:00-18:00,4:00,9/12/2015 14:00:00,9/12/2015 18:00:00
,45,CMT03,12/08/2015,Cosmetología,"todavia sin definir 18, CMT",7,16/12/2015,Mie,14:00-18:00,4:00,16/12/2015 14:00:00,16/12/2015 18:00:00
,46,CMT03,12/08/2015,Cosmetología,"todavia sin definir 19, CMT",7,23/12/2015,Mie,14:00-18:00,4:00,23/12/2015 14:00:00,23/12/2015 18:00:00
,47,CMT03,12/08/2015,Cosmetología,"todavia sin definir 20, CMT",7,30/12/2015,Mie,14:00-18:00,4:00,30/12/2015 14:00:00,30/12/2015 18:00:00
,48,CMT03,12/08/2015,Cosmetología,"todavia sin definir 21, CMT",7,6/01/2016,Mie,14:00-18:00,4:00,6/01/2016 14:00:00,6/01/2016 18:00:00
,49,CMT03,12/08/2015,Cosmetología,"todavia sin definir 22, CMT",7,13/01/2016,Mie,14:00-18:00,4:00,13/01/2016 14:00:00,13/01/2016 18:00:00
,89,CMT03,12/08/2015,Cosmetología,"todavia sin definir 23, CMT",7,20/01/2016,Mie,14:00-18:00,4:00,20/01/2016 14:00:00,20/01/2016 18:00:00
,90,CMT03,12/08/2015,Cosmetología,"todavia sin definir 24, CMT",7,27/01/2016,Mie,14:00-18:00,4:00,27/01/2016 14:00:00,27/01/2016 18:00:00
1,6,P0103,12/08/2015,Visagismo,"visagismo en crema, SPRa, P01",-168,12/08/2015,Mie,18:30-21:30,3:00,12/08/2015 18:30:00,12/08/2015 21:30:00
1,7,P0103,12/08/2015,Visagismo,"visagismo en polvo, SPRa, P01",7,19/08/2015,Mie,18:30-21:30,3:00,19/08/2015 18:30:00,19/08/2015 21:30:00
1,14,P0504,14/08/2015,Adolescentes novias y madrinas,"adolescentes , SPRa, MPA, P05, P06",-5,14/08/2015,Vie,09:30-12:30,3:00,14/08/2015 9:30:00,14/08/2015 12:30:00
1,15,P0504,14/08/2015,Adolescentes novias y madrinas,"novias, SPRa, MPA, P05, P06",7,21/08/2015,Vie,09:30-12:30,3:00,21/08/2015 9:30:00,21/08/2015 12:30:00
1,16,P0504,14/08/2015,Adolescentes novias y madrinas,"rejuvenecimiento , SPRa, MPA, P05",14,4/09/2015,Vie,09:30-12:30,3:00,4/09/2015 9:30:00,4/09/2015 12:30:00
1,8,P0403,22/08/2015,Perfeccionamiento de ojos,"teoría del color, ojos juntos y separados, SPRa, P04",-13,22/08/2015,Sab,15:30-18:30,3:00,22/08/2015 15:30:00,22/08/2015 18:30:00
1,9,P0403,22/08/2015,Perfeccionamiento de ojos,"ojos poco redondos, ojos chicos, delineado, SPRa, P04",14,5/09/2015,Sab,15:30-18:30,3:00,5/09/2015 15:30:00,5/09/2015 18:30:00
1,10,P0403,22/08/2015,Perfeccionamiento de ojos,"ojos Hundidos, saltones, SPRa, P04",7,12/09/2015,Sab,15:30-18:30,3:00,12/09/2015 15:30:00,12/09/2015 18:30:00
1,11,P0403,22/08/2015,Perfeccionamiento de ojos,"ojos caidos y encapotados, colocación de pestañas , SPRa, P04",14,26/09/2015,Sab,15:30-18:30,3:00,26/09/2015 15:30:00,26/09/2015 18:30:00
1,25,TMO09,22/08/2015,Perfeccionamiento de ojos,"Teoria del color, ojos, SIN, P03, TMO, P07",-35,22/08/2015,Sab,15:30-18:30,3:00,22/08/2015 15:30:00,22/08/2015 18:30:00
1,26,TMO09,22/08/2015,Perfeccionamiento de ojos,"ojos y delineados, SIN, P03, TMO, P07",14,5/09/2015,Sab,15:30-18:30,3:00,5/09/2015 15:30:00,5/09/2015 18:30:00
1,54,TMO09,22/08/2015,Perfeccionamiento de ojos,"sin definir ojos, TMO",7,12/09/2015,Sab,15:30-18:30,3:00,12/09/2015 15:30:00,12/09/2015 18:30:00
1,55,TMO09,22/08/2015,Perfeccionamiento de ojos,"sin definir ojos, TMO",7,19/09/2015,Sab,15:30-18:30,3:00,19/09/2015 15:30:00,19/09/2015 18:30:00
,28,CMT04,24/08/2015,Cosmetología,"todavia sin definir 1, CMT",-26,24/08/2015,Lun,11:00-15:00,4:00,24/08/2015 11:00:00,24/08/2015 15:00:00
,29,CMT04,24/08/2015,Cosmetología,"todavia sin definir 2, CMT",7,31/08/2015,Lun,11:00-15:00,4:00,31/08/2015 11:00:00,31/08/2015 15:00:00
,30,CMT04,24/08/2015,Cosmetología,"todavia sin definir 3, CMT",7,7/09/2015,Lun,11:00-15:00,4:00,7/09/2015 11:00:00,7/09/2015 15:00:00
,31,CMT04,24/08/2015,Cosmetología,"todavia sin definir 4, CMT",7,14/09/2015,Lun,11:00-15:00,4:00,14/09/2015 11:00:00,14/09/2015 15:00:00
,32,CMT04,24/08/2015,Cosmetología,"todavia sin definir 5, CMT",7,21/09/2015,Lun,11:00-15:00,4:00,21/09/2015 11:00:00,21/09/2015 15:00:00
,33,CMT04,24/08/2015,Cosmetología,"todavia sin definir 6, CMT",7,28/09/2015,Lun,11:00-15:00,4:00,28/09/2015 11:00:00,28/09/2015 15:00:00
,34,CMT04,24/08/2015,Cosmetología,"todavia sin definir 7, CMT",7,5/10/2015,Lun,11:00-15:00,4:00,5/10/2015 11:00:00,5/10/2015 15:00:00
,35,CMT04,24/08/2015,Cosmetología,"todavia sin definir 8, CMT",14,19/10/2015,Lun,11:00-15:00,4:00,19/10/2015 11:00:00,19/10/2015 15:00:00
,36,CMT04,24/08/2015,Cosmetología,"todavia sin definir 9, CMT",7,26/10/2015,Lun,11:00-15:00,4:00,26/10/2015 11:00:00,26/10/2015 15:00:00
,37,CMT04,24/08/2015,Cosmetología,"todavia sin definir 10, CMT",7,2/11/2015,Lun,11:00-15:00,4:00,2/11/2015 11:00:00,2/11/2015 15:00:00
,38,CMT04,24/08/2015,Cosmetología,"todavia sin definir 11, CMT",7,9/11/2015,Lun,11:00-15:00,4:00,9/11/2015 11:00:00,9/11/2015 15:00:00
,39,CMT04,24/08/2015,Cosmetología,"todavia sin definir 12, CMT",7,16/11/2015,Lun,11:00-15:00,4:00,16/11/2015 11:00:00,16/11/2015 15:00:00
,40,CMT04,24/08/2015,Cosmetología,"todavia sin definir 13, CMT",14,30/11/2015,Lun,11:00-15:00,4:00,30/11/2015 11:00:00,30/11/2015 15:00:00
,41,CMT04,24/08/2015,Cosmetología,"todavia sin definir 14, CMT",14,14/12/2015,Lun,11:00-15:00,4:00,14/12/2015 11:00:00,14/12/2015 15:00:00
,42,CMT04,24/08/2015,Cosmetología,"todavia sin definir 15, CMT",7,21/12/2015,Lun,11:00-15:00,4:00,21/12/2015 11:00:00,21/12/2015 15:00:00
,43,CMT04,24/08/2015,Cosmetología,"todavia sin definir 16, CMT",7,28/12/2015,Lun,11:00-15:00,4:00,28/12/2015 11:00:00,28/12/2015 15:00:00
,44,CMT04,24/08/2015,Cosmetología,"todavia sin definir 17, CMT",7,4/01/2016,Lun,11:00-15:00,4:00,4/01/2016 11:00:00,4/01/2016 15:00:00
,45,CMT04,24/08/2015,Cosmetología,"todavia sin definir 18, CMT",7,11/01/2016,Lun,11:00-15:00,4:00,11/01/2016 11:00:00,11/01/2016 15:00:00
,46,CMT04,24/08/2015,Cosmetología,"todavia sin definir 19, CMT",7,18/01/2016,Lun,11:00-15:00,4:00,18/01/2016 11:00:00,18/01/2016 15:00:00
,47,CMT04,24/08/2015,Cosmetología,"todavia sin definir 20, CMT",7,25/01/2016,Lun,11:00-15:00,4:00,25/01/2016 11:00:00,25/01/2016 15:00:00
,48,CMT04,24/08/2015,Cosmetología,"todavia sin definir 21, CMT",7,1/02/2016,Lun,11:00-15:00,4:00,1/02/2016 11:00:00,1/02/2016 15:00:00
,49,CMT04,24/08/2015,Cosmetología,"todavia sin definir 22, CMT",14,15/02/2016,Lun,11:00-15:00,4:00,15/02/2016 11:00:00,15/02/2016 15:00:00
,89,CMT04,24/08/2015,Cosmetología,"todavia sin definir 23, CMT",7,22/02/2016,Lun,11:00-15:00,4:00,22/02/2016 11:00:00,22/02/2016 15:00:00
,90,CMT04,24/08/2015,Cosmetología,"todavia sin definir 24, CMT",7,29/02/2016,Lun,11:00-15:00,4:00,29/02/2016 11:00:00,29/02/2016 15:00:00
1,8,P0404,26/08/2015,Perfeccionamiento de ojos,"teoría del color, ojos juntos y separados, SPRa, P04",-187,26/08/2015,Mie,18:30-21:30,3:00,26/08/2015 18:30:00,26/08/2015 21:30:00
1,9,P0404,26/08/2015,Perfeccionamiento de ojos,"ojos poco redondos, ojos chicos, delineado, SPRa, P04",7,2/09/2015,Mie,18:30-21:30,3:00,2/09/2015 18:30:00,2/09/2015 21:30:00
1,10,P0404,26/08/2015,Perfeccionamiento de ojos,"ojos Hundidos, saltones, SPRa, P04",7,9/09/2015,Mie,18:30-21:30,3:00,9/09/2015 18:30:00,9/09/2015 21:30:00
1,11,P0404,26/08/2015,Perfeccionamiento de ojos,"ojos caidos y encapotados, colocación de pestañas , SPRa, P04",7,16/09/2015,Mie,18:30-21:30,3:00,16/09/2015 18:30:00,16/09/2015 21:30:00
1,81,QBA01,28/08/2015,Body Art,"Clase julio 1, QBA",-19,28/08/2015,Vie,10:00-18:00,8:00,28/08/2015 10:00:00,28/08/2015 18:00:00
1,82,QBA01,28/08/2015,Body Art,"Clase julio 2, QBA",1,29/08/2015,Sab,10:00-18:00,8:00,29/08/2015 10:00:00,29/08/2015 18:00:00
1,83,QBA01,28/08/2015,Body Art,"Clase julio 3, QBA",1,30/08/2015,Dom,10:00-18:00,8:00,30/08/2015 10:00:00,30/08/2015 18:00:00
1,14,P0505,31/08/2015,Adolescentes novias y madrinas,"adolescentes , SPRa, MPA, P05, P06",1,31/08/2015,Lun,14:00-17:00,3:00,31/08/2015 14:00:00,31/08/2015 17:00:00
1,15,P0505,31/08/2015,Adolescentes novias y madrinas,"novias, SPRa, MPA, P05, P06",7,7/09/2015,Lun,14:00-17:00,3:00,7/09/2015 14:00:00,7/09/2015 17:00:00
1,16,P0505,31/08/2015,Adolescentes novias y madrinas,"rejuvenecimiento , SPRa, MPA, P05",7,14/09/2015,Lun,14:00-17:00,3:00,14/09/2015 14:00:00,14/09/2015 17:00:00
1,91,P0802,31/08/2015,Perfeccionamiento para maquilladoras,"dos en uno clase 1, P08",-14,31/08/2015,Lun,14:00-20:00,6:00,31/08/2015 14:00:00,31/08/2015 20:00:00
1,92,P0802,31/08/2015,Perfeccionamiento para maquilladoras,"dos en uno clase 2, P08",1,1/09/2015,Mar,11:00-20:00,9:00,1/09/2015 11:00:00,1/09/2015 20:00:00
1,84,W0103,3/09/2015,Workshop de teoria del color,"Teoria del color , W01",2,3/09/2015,Jue,09:00-14:00,5:00,3/09/2015 9:00:00,3/09/2015 14:00:00
,1,SPRa06,7/09/2015,Maquillaje social profesional de 3hs,"presentación pinceles, SPRa",4,7/09/2015,Lun,17:30-20:30,3:00,7/09/2015 17:30:00,7/09/2015 20:30:00
,2,SPRa06,7/09/2015,Maquillaje social profesional de 3hs,"biotipo y fototipo, SPRa",7,14/09/2015,Lun,17:30-20:30,3:00,14/09/2015 17:30:00,14/09/2015 20:30:00
,3,SPRa06,7/09/2015,Maquillaje social profesional de 3hs,"vehiculo e higiene , SPRa",7,21/09/2015,Lun,17:30-20:30,3:00,21/09/2015 17:30:00,21/09/2015 20:30:00
,4,SPRa06,7/09/2015,Maquillaje social profesional de 3hs,"correcciones , SPRa",7,28/09/2015,Lun,17:30-20:30,3:00,28/09/2015 17:30:00,28/09/2015 20:30:00
,5,SPRa06,7/09/2015,Maquillaje social profesional de 3hs,"Bases, SPRa",7,5/10/2015,Lun,17:30-20:30,3:00,5/10/2015 17:30:00,5/10/2015 20:30:00
,6,SPRa06,7/09/2015,Maquillaje social profesional de 3hs,"visagismo en crema, SPRa, P01",14,19/10/2015,Lun,17:30-20:30,3:00,19/10/2015 17:30:00,19/10/2015 20:30:00
,7,SPRa06,7/09/2015,Maquillaje social profesional de 3hs,"visagismo en polvo, SPRa, P01",7,26/10/2015,Lun,17:30-20:30,3:00,26/10/2015 17:30:00,26/10/2015 20:30:00
,8,SPRa06,7/09/2015,Maquillaje social profesional de 3hs,"teoría del color, ojos juntos y separados, SPRa, P04",7,2/11/2015,Lun,17:30-20:30,3:00,2/11/2015 17:30:00,2/11/2015 20:30:00
,9,SPRa06,7/09/2015,Maquillaje social profesional de 3hs,"ojos poco redondos, ojos chicos, delineado, SPRa, P04",7,9/11/2015,Lun,17:30-20:30,3:00,9/11/2015 17:30:00,9/11/2015 20:30:00
,10,SPRa06,7/09/2015,Maquillaje social profesional de 3hs,"ojos Hundidos, saltones, SPRa, P04",7,16/11/2015,Lun,17:30-20:30,3:00,16/11/2015 17:30:00,16/11/2015 20:30:00
,11,SPRa06,7/09/2015,Maquillaje social profesional de 3hs,"ojos caidos y encapotados, colocación de pestañas , SPRa, P04",14,30/11/2015,Lun,17:30-20:30,3:00,30/11/2015 17:30:00,30/11/2015 20:30:00
,12,SPRa06,7/09/2015,Maquillaje social profesional de 3hs,"rubor y perfilado, SPRa",14,14/12/2015,Lun,17:30-20:30,3:00,14/12/2015 17:30:00,14/12/2015 20:30:00
,13,SPRa06,7/09/2015,Maquillaje social profesional de 3hs,"labios, SPRa",7,21/12/2015,Lun,17:30-20:30,3:00,21/12/2015 17:30:00,21/12/2015 20:30:00
,14,SPRa06,7/09/2015,Maquillaje social profesional de 3hs,"adolescentes , SPRa, MPA, P05, P06",7,28/12/2015,Lun,17:30-20:30,3:00,28/12/2015 17:30:00,28/12/2015 20:30:00
,15,SPRa06,7/09/2015,Maquillaje social profesional de 3hs,"novias, SPRa, MPA, P05, P06",7,4/01/2016,Lun,17:30-20:30,3:00,4/01/2016 17:30:00,4/01/2016 20:30:00
,16,SPRa06,7/09/2015,Maquillaje social profesional de 3hs,"rejuvenecimiento , SPRa, MPA, P05",7,11/01/2016,Lun,17:30-20:30,3:00,11/01/2016 17:30:00,11/01/2016 20:30:00
,17,SPRa06,7/09/2015,Maquillaje social profesional de 3hs,"HD Book, SPRa, MPA",7,18/01/2016,Lun,17:30-20:30,3:00,18/01/2016 17:30:00,18/01/2016 20:30:00
,18,SPRa06,7/09/2015,Maquillaje social profesional de 3hs,"fotografía , SPRa, MPA",7,25/01/2016,Lun,17:30-20:30,3:00,25/01/2016 17:30:00,25/01/2016 20:30:00
,19,SPRa06,7/09/2015,Maquillaje social profesional de 3hs,"pasarela book, SPRa, MPA",7,1/02/2016,Lun,17:30-20:30,3:00,1/02/2016 17:30:00,1/02/2016 20:30:00
,20,SPRa06,7/09/2015,Maquillaje social profesional de 3hs,"evaluación , SPRa, MPA",14,15/02/2016,Lun,17:30-20:30,3:00,15/02/2016 17:30:00,15/02/2016 20:30:00
1,93,SPRb01,7/09/2015,Maquillaje Social profesional de 3hs y 6 meses,"Presentación, protocolo y herramientas de trabajo, SPRb",-161,7/09/2015,Lun,17:30-20:30,3:00,7/09/2015 17:30:00,7/09/2015 20:30:00
1,94,SPRb01,7/09/2015,Maquillaje Social profesional de 3hs y 6 meses,"Biotipos y fototipos cutáneos, SPRb",7,14/09/2015,Lun,17:30-20:30,3:00,14/09/2015 17:30:00,14/09/2015 20:30:00
1,95,SPRb01,7/09/2015,Maquillaje Social profesional de 3hs y 6 meses,"Cuidados de la piel, vehiculo e higiene , SPRb",7,21/09/2015,Lun,17:30-20:30,3:00,21/09/2015 17:30:00,21/09/2015 20:30:00
1,96,SPRb01,7/09/2015,Maquillaje Social profesional de 3hs y 6 meses,"Correcciones y puntos de luz, SPRb",7,28/09/2015,Lun,17:30-20:30,3:00,28/09/2015 17:30:00,28/09/2015 20:30:00
1,97,SPRb01,7/09/2015,Maquillaje Social profesional de 3hs y 6 meses,"Diferentes texturas de bases de maquillaje, SPRb",7,5/10/2015,Lun,17:30-20:30,3:00,5/10/2015 17:30:00,5/10/2015 20:30:00
1,98,SPRb01,7/09/2015,Maquillaje Social profesional de 3hs y 6 meses,"Diferentes texturas de bases de maquillaje, SPRb",14,19/10/2015,Lun,17:30-20:30,3:00,19/10/2015 17:30:00,19/10/2015 20:30:00
1,99,SPRb01,7/09/2015,Maquillaje Social profesional de 3hs y 6 meses,"Análisis de la morfología del rostro - visagismo en crema, SPRb",7,26/10/2015,Lun,17:30-20:30,3:00,26/10/2015 17:30:00,26/10/2015 20:30:00
1,100,SPRb01,7/09/2015,Maquillaje Social profesional de 3hs y 6 meses,"Análisis de la morfología del rostro - visagismo en polvo, SPRb",7,2/11/2015,Lun,17:30-20:30,3:00,2/11/2015 17:30:00,2/11/2015 20:30:00
1,101,SPRb01,7/09/2015,Maquillaje Social profesional de 3hs y 6 meses,"Evaluación , SPRb",7,9/11/2015,Lun,17:30-20:30,3:00,9/11/2015 17:30:00,9/11/2015 20:30:00
1,102,SPRb01,7/09/2015,Maquillaje Social profesional de 3hs y 6 meses,"Teoría del color , SPRb",7,16/11/2015,Lun,17:30-20:30,3:00,16/11/2015 17:30:00,16/11/2015 20:30:00
1,103,SPRb01,7/09/2015,Maquillaje Social profesional de 3hs y 6 meses,"Esfumatura de ojos juntos y separados (delineado), SPRb",7,23/11/2015,Lun,17:30-20:30,3:00,23/11/2015 17:30:00,23/11/2015 20:30:00
1,104,SPRb01,7/09/2015,Maquillaje Social profesional de 3hs y 6 meses,"Esfumatura de ojos poco redondos y chicos (delineado), SPRb",7,30/11/2015,Lun,17:30-20:30,3:00,30/11/2015 17:30:00,30/11/2015 20:30:00
1,105,SPRb01,7/09/2015,Maquillaje Social profesional de 3hs y 6 meses,"Esfumatura de ojos hundidos y saltones (delineado), SPRb",7,7/12/2015,Lun,17:30-20:30,3:00,7/12/2015 17:30:00,7/12/2015 20:30:00
1,106,SPRb01,7/09/2015,Maquillaje Social profesional de 3hs y 6 meses,"Esfumatura de ojos caídos y encapotados, colocación de pestañas (delineado), SPRb",7,14/12/2015,Lun,17:30-20:30,3:00,14/12/2015 17:30:00,14/12/2015 20:30:00
1,107,SPRb01,7/09/2015,Maquillaje Social profesional de 3hs y 6 meses,"Diseño y perfilado de cejas, SPRb",7,21/12/2015,Lun,17:30-20:30,3:00,21/12/2015 17:30:00,21/12/2015 20:30:00
1,108,SPRb01,7/09/2015,Maquillaje Social profesional de 3hs y 6 meses,"Corrector o color? Rubor - labios, SPRb",7,28/12/2015,Lun,17:30-20:30,3:00,28/12/2015 17:30:00,28/12/2015 20:30:00
1,109,SPRb01,7/09/2015,Maquillaje Social profesional de 3hs y 6 meses,"Maquillaje para adolescentes , SPRb",7,4/01/2016,Lun,17:30-20:30,3:00,4/01/2016 17:30:00,4/01/2016 20:30:00
1,110,SPRb01,7/09/2015,Maquillaje Social profesional de 3hs y 6 meses,"Maquillaje para novias, SPRb",7,11/01/2016,Lun,17:30-20:30,3:00,11/01/2016 17:30:00,11/01/2016 20:30:00
1,111,SPRb01,7/09/2015,Maquillaje Social profesional de 3hs y 6 meses,"Maquillaje de rejuvenecimiento , SPRb",7,18/01/2016,Lun,17:30-20:30,3:00,18/01/2016 17:30:00,18/01/2016 20:30:00
1,112,SPRb01,7/09/2015,Maquillaje Social profesional de 3hs y 6 meses,"Maquillaje para fotografía - HD Book, SPRb",7,25/01/2016,Lun,17:30-20:30,3:00,25/01/2016 17:30:00,25/01/2016 20:30:00
1,113,SPRb01,7/09/2015,Maquillaje Social profesional de 3hs y 6 meses,"Maquillaje para pasarela y book, SPRb",7,1/02/2016,Lun,17:30-20:30,3:00,1/02/2016 17:30:00,1/02/2016 20:30:00
1,114,SPRb01,7/09/2015,Maquillaje Social profesional de 3hs y 6 meses,"Maquillaje para TV y teatro, SPRb",14,15/02/2016,Lun,17:30-20:30,3:00,15/02/2016 17:30:00,15/02/2016 20:30:00
1,115,SPRb01,7/09/2015,Maquillaje Social profesional de 3hs y 6 meses,"Psicología y marqueting del maquillaje, SPRb",7,22/02/2016,Lun,17:30-20:30,3:00,22/02/2016 17:30:00,22/02/2016 20:30:00
1,116,SPRb01,7/09/2015,Maquillaje Social profesional de 3hs y 6 meses,"Evaluación , SPRb",7,29/02/2016,Lun,17:30-20:30,3:00,29/02/2016 17:30:00,29/02/2016 20:30:00
1,84,W0104,8/09/2015,Workshop de teoria del color,"Teoria del color , W01",-174,8/09/2015,Mar,15:00-20:00,5:00,8/09/2015 15:00:00,8/09/2015 20:00:00
,1,SPRa07,10/09/2015,Maquillaje social profesional de 3hs,"presentación pinceles, SPRa",2,10/09/2015,Jue,14:00-17:00,3:00,10/09/2015 14:00:00,10/09/2015 17:00:00
,2,SPRa07,10/09/2015,Maquillaje social profesional de 3hs,"biotipo y fototipo, SPRa",7,17/09/2015,Jue,14:00-17:00,3:00,17/09/2015 14:00:00,17/09/2015 17:00:00
,3,SPRa07,10/09/2015,Maquillaje social profesional de 3hs,"vehiculo e higiene , SPRa",7,24/09/2015,Jue,14:00-17:00,3:00,24/09/2015 14:00:00,24/09/2015 17:00:00
,4,SPRa07,10/09/2015,Maquillaje social profesional de 3hs,"correcciones , SPRa",7,1/10/2015,Jue,14:00-17:00,3:00,1/10/2015 14:00:00,1/10/2015 17:00:00
,5,SPRa07,10/09/2015,Maquillaje social profesional de 3hs,"Bases, SPRa",7,8/10/2015,Jue,14:00-17:00,3:00,8/10/2015 14:00:00,8/10/2015 17:00:00
,6,SPRa07,10/09/2015,Maquillaje social profesional de 3hs,"visagismo en crema, SPRa, P01",7,15/10/2015,Jue,14:00-17:00,3:00,15/10/2015 14:00:00,15/10/2015 17:00:00
,7,SPRa07,10/09/2015,Maquillaje social profesional de 3hs,"visagismo en polvo, SPRa, P01",7,22/10/2015,Jue,14:00-17:00,3:00,22/10/2015 14:00:00,22/10/2015 17:00:00
,8,SPRa07,10/09/2015,Maquillaje social profesional de 3hs,"teoría del color, ojos juntos y separados, SPRa, P04",7,29/10/2015,Jue,14:00-17:00,3:00,29/10/2015 14:00:00,29/10/2015 17:00:00
,9,SPRa07,10/09/2015,Maquillaje social profesional de 3hs,"ojos poco redondos, ojos chicos, delineado, SPRa, P04",7,5/11/2015,Jue,14:00-17:00,3:00,5/11/2015 14:00:00,5/11/2015 17:00:00
,10,SPRa07,10/09/2015,Maquillaje social profesional de 3hs,"ojos Hundidos, saltones, SPRa, P04",7,12/11/2015,Jue,14:00-17:00,3:00,12/11/2015 14:00:00,12/11/2015 17:00:00
,11,SPRa07,10/09/2015,Maquillaje social profesional de 3hs,"ojos caidos y encapotados, colocación de pestañas , SPRa, P04",7,19/11/2015,Jue,14:00-17:00,3:00,19/11/2015 14:00:00,19/11/2015 17:00:00
,12,SPRa07,10/09/2015,Maquillaje social profesional de 3hs,"rubor y perfilado, SPRa",7,26/11/2015,Jue,14:00-17:00,3:00,26/11/2015 14:00:00,26/11/2015 17:00:00
,13,SPRa07,10/09/2015,Maquillaje social profesional de 3hs,"labios, SPRa",7,3/12/2015,Jue,14:00-17:00,3:00,3/12/2015 14:00:00,3/12/2015 17:00:00
,14,SPRa07,10/09/2015,Maquillaje social profesional de 3hs,"adolescentes , SPRa, MPA, P05, P06",7,10/12/2015,Jue,14:00-17:00,3:00,10/12/2015 14:00:00,10/12/2015 17:00:00
,15,SPRa07,10/09/2015,Maquillaje social profesional de 3hs,"novias, SPRa, MPA, P05, P06",7,17/12/2015,Jue,14:00-17:00,3:00,17/12/2015 14:00:00,17/12/2015 17:00:00
,16,SPRa07,10/09/2015,Maquillaje social profesional de 3hs,"rejuvenecimiento , SPRa, MPA, P05",21,7/01/2016,Jue,14:00-17:00,3:00,7/01/2016 14:00:00,7/01/2016 17:00:00
,17,SPRa07,10/09/2015,Maquillaje social profesional de 3hs,"HD Book, SPRa, MPA",7,14/01/2016,Jue,14:00-17:00,3:00,14/01/2016 14:00:00,14/01/2016 17:00:00
,18,SPRa07,10/09/2015,Maquillaje social profesional de 3hs,"fotografía , SPRa, MPA",7,21/01/2016,Jue,14:00-17:00,3:00,21/01/2016 14:00:00,21/01/2016 17:00:00
,19,SPRa07,10/09/2015,Maquillaje social profesional de 3hs,"pasarela book, SPRa, MPA",7,28/01/2016,Jue,14:00-17:00,3:00,28/01/2016 14:00:00,28/01/2016 17:00:00
,20,SPRa07,10/09/2015,Maquillaje social profesional de 3hs,"evaluación , SPRa, MPA",7,4/02/2016,Jue,14:00-17:00,3:00,4/02/2016 14:00:00,4/02/2016 17:00:00
1,93,SPRb02,10/09/2015,Maquillaje Social profesional de 3hs y 6 meses,"Presentación, protocolo y herramientas de trabajo, SPRb",-147,10/09/2015,Jue,14:00-17:00,3:00,10/09/2015 14:00:00,10/09/2015 17:00:00
1,94,SPRb02,10/09/2015,Maquillaje Social profesional de 3hs y 6 meses,"Biotipos y fototipos cutáneos, SPRb",7,17/09/2015,Jue,14:00-17:00,3:00,17/09/2015 14:00:00,17/09/2015 17:00:00
1,95,SPRb02,10/09/2015,Maquillaje Social profesional de 3hs y 6 meses,"Cuidados de la piel, vehiculo e higiene , SPRb",7,24/09/2015,Jue,14:00-17:00,3:00,24/09/2015 14:00:00,24/09/2015 17:00:00
1,96,SPRb02,10/09/2015,Maquillaje Social profesional de 3hs y 6 meses,"Correcciones y puntos de luz, SPRb",7,1/10/2015,Jue,14:00-17:00,3:00,1/10/2015 14:00:00,1/10/2015 17:00:00
1,97,SPRb02,10/09/2015,Maquillaje Social profesional de 3hs y 6 meses,"Diferentes texturas de bases de maquillaje, SPRb",7,8/10/2015,Jue,14:00-17:00,3:00,8/10/2015 14:00:00,8/10/2015 17:00:00
1,98,SPRb02,10/09/2015,Maquillaje Social profesional de 3hs y 6 meses,"Diferentes texturas de bases de maquillaje, SPRb",7,15/10/2015,Jue,14:00-17:00,3:00,15/10/2015 14:00:00,15/10/2015 17:00:00
1,99,SPRb02,10/09/2015,Maquillaje Social profesional de 3hs y 6 meses,"Análisis de la morfología del rostro - visagismo en crema, SPRb",7,22/10/2015,Jue,14:00-17:00,3:00,22/10/2015 14:00:00,22/10/2015 17:00:00
1,100,SPRb02,10/09/2015,Maquillaje Social profesional de 3hs y 6 meses,"Análisis de la morfología del rostro - visagismo en polvo, SPRb",7,29/10/2015,Jue,14:00-17:00,3:00,29/10/2015 14:00:00,29/10/2015 17:00:00
1,101,SPRb02,10/09/2015,Maquillaje Social profesional de 3hs y 6 meses,"Evaluación , SPRb",7,5/11/2015,Jue,14:00-17:00,3:00,5/11/2015 14:00:00,5/11/2015 17:00:00
1,102,SPRb02,10/09/2015,Maquillaje Social profesional de 3hs y 6 meses,"Teoría del color , SPRb",7,12/11/2015,Jue,14:00-17:00,3:00,12/11/2015 14:00:00,12/11/2015 17:00:00
1,103,SPRb02,10/09/2015,Maquillaje Social profesional de 3hs y 6 meses,"Esfumatura de ojos juntos y separados (delineado), SPRb",7,19/11/2015,Jue,14:00-17:00,3:00,19/11/2015 14:00:00,19/11/2015 17:00:00
1,104,SPRb02,10/09/2015,Maquillaje Social profesional de 3hs y 6 meses,"Esfumatura de ojos poco redondos y chicos (delineado), SPRb",7,26/11/2015,Jue,14:00-17:00,3:00,26/11/2015 14:00:00,26/11/2015 17:00:00
1,105,SPRb02,10/09/2015,Maquillaje Social profesional de 3hs y 6 meses,"Esfumatura de ojos hundidos y saltones (delineado), SPRb",7,3/12/2015,Jue,14:00-17:00,3:00,3/12/2015 14:00:00,3/12/2015 17:00:00
1,106,SPRb02,10/09/2015,Maquillaje Social profesional de 3hs y 6 meses,"Esfumatura de ojos caídos y encapotados, colocación de pestañas (delineado), SPRb",7,10/12/2015,Jue,14:00-17:00,3:00,10/12/2015 14:00:00,10/12/2015 17:00:00
1,107,SPRb02,10/09/2015,Maquillaje Social profesional de 3hs y 6 meses,"Diseño y perfilado de cejas, SPRb",14,24/12/2015,Jue,14:00-17:00,3:00,24/12/2015 14:00:00,24/12/2015 17:00:00
1,108,SPRb02,10/09/2015,Maquillaje Social profesional de 3hs y 6 meses,"Corrector o color? Rubor - labios, SPRb",21,14/01/2016,Jue,14:00-17:00,3:00,14/01/2016 14:00:00,14/01/2016 17:00:00
1,109,SPRb02,10/09/2015,Maquillaje Social profesional de 3hs y 6 meses,"Maquillaje para adolescentes , SPRb",7,21/01/2016,Jue,14:00-17:00,3:00,21/01/2016 14:00:00,21/01/2016 17:00:00
1,110,SPRb02,10/09/2015,Maquillaje Social profesional de 3hs y 6 meses,"Maquillaje para novias, SPRb",7,28/01/2016,Jue,14:00-17:00,3:00,28/01/2016 14:00:00,28/01/2016 17:00:00
1,111,SPRb02,10/09/2015,Maquillaje Social profesional de 3hs y 6 meses,"Maquillaje de rejuvenecimiento , SPRb",7,4/02/2016,Jue,14:00-17:00,3:00,4/02/2016 14:00:00,4/02/2016 17:00:00
1,112,SPRb02,10/09/2015,Maquillaje Social profesional de 3hs y 6 meses,"Maquillaje para fotografía - HD Book, SPRb",7,11/02/2016,Jue,14:00-17:00,3:00,11/02/2016 14:00:00,11/02/2016 17:00:00
1,113,SPRb02,10/09/2015,Maquillaje Social profesional de 3hs y 6 meses,"Maquillaje para pasarela y book, SPRb",7,18/02/2016,Jue,14:00-17:00,3:00,18/02/2016 14:00:00,18/02/2016 17:00:00
1,114,SPRb02,10/09/2015,Maquillaje Social profesional de 3hs y 6 meses,"Maquillaje para TV y teatro, SPRb",7,25/02/2016,Jue,14:00-17:00,3:00,25/02/2016 14:00:00,25/02/2016 17:00:00
1,115,SPRb02,10/09/2015,Maquillaje Social profesional de 3hs y 6 meses,"Psicología y marqueting del maquillaje, SPRb",7,3/03/2016,Jue,14:00-17:00,3:00,3/03/2016 14:00:00,3/03/2016 17:00:00
1,116,SPRb02,10/09/2015,Maquillaje Social profesional de 3hs y 6 meses,"Evaluación , SPRb",7,10/03/2016,Jue,14:00-17:00,3:00,10/03/2016 14:00:00,10/03/2016 17:00:00
1,93,SPRb03,12/09/2015,Maquillaje Social profesional de 3hs y 6 meses,"Presentación, protocolo y herramientas de trabajo, SPRb",-180,12/09/2015,Sab,10:30-13:30,3:00,12/09/2015 10:30:00,12/09/2015 13:30:00
1,94,SPRb03,12/09/2015,Maquillaje Social profesional de 3hs y 6 meses,"Biotipos y fototipos cutáneos, SPRb",7,19/09/2015,Sab,10:30-13:30,3:00,19/09/2015 10:30:00,19/09/2015 13:30:00
1,95,SPRb03,12/09/2015,Maquillaje Social profesional de 3hs y 6 meses,"Cuidados de la piel, vehiculo e higiene , SPRb",7,26/09/2015,Sab,10:30-13:30,3:00,26/09/2015 10:30:00,26/09/2015 13:30:00
1,96,SPRb03,12/09/2015,Maquillaje Social profesional de 3hs y 6 meses,"Correcciones y puntos de luz, SPRb",7,3/10/2015,Sab,10:30-13:30,3:00,3/10/2015 10:30:00,3/10/2015 13:30:00
1,97,SPRb03,12/09/2015,Maquillaje Social profesional de 3hs y 6 meses,"Diferentes texturas de bases de maquillaje, SPRb",7,10/10/2015,Sab,10:30-13:30,3:00,10/10/2015 10:30:00,10/10/2015 13:30:00
1,98,SPRb03,12/09/2015,Maquillaje Social profesional de 3hs y 6 meses,"Diferentes texturas de bases de maquillaje, SPRb",7,17/10/2015,Sab,10:30-13:30,3:00,17/10/2015 10:30:00,17/10/2015 13:30:00
1,99,SPRb03,12/09/2015,Maquillaje Social profesional de 3hs y 6 meses,"Análisis de la morfología del rostro - visagismo en crema, SPRb",7,24/10/2015,Sab,10:30-13:30,3:00,24/10/2015 10:30:00,24/10/2015 13:30:00
1,100,SPRb03,12/09/2015,Maquillaje Social profesional de 3hs y 6 meses,"Análisis de la morfología del rostro - visagismo en polvo, SPRb",7,31/10/2015,Sab,10:30-13:30,3:00,31/10/2015 10:30:00,31/10/2015 13:30:00
1,101,SPRb03,12/09/2015,Maquillaje Social profesional de 3hs y 6 meses,"Evaluación , SPRb",7,7/11/2015,Sab,10:30-13:30,3:00,7/11/2015 10:30:00,7/11/2015 13:30:00
1,102,SPRb03,12/09/2015,Maquillaje Social profesional de 3hs y 6 meses,"Teoría del color , SPRb",7,14/11/2015,Sab,10:30-13:30,3:00,14/11/2015 10:30:00,14/11/2015 13:30:00
1,103,SPRb03,12/09/2015,Maquillaje Social profesional de 3hs y 6 meses,"Esfumatura de ojos juntos y separados (delineado), SPRb",7,21/11/2015,Sab,10:30-13:30,3:00,21/11/2015 10:30:00,21/11/2015 13:30:00
1,104,SPRb03,12/09/2015,Maquillaje Social profesional de 3hs y 6 meses,"Esfumatura de ojos poco redondos y chicos (delineado), SPRb",7,28/11/2015,Sab,10:30-13:30,3:00,28/11/2015 10:30:00,28/11/2015 13:30:00
1,105,SPRb03,12/09/2015,Maquillaje Social profesional de 3hs y 6 meses,"Esfumatura de ojos hundidos y saltones (delineado), SPRb",7,5/12/2015,Sab,10:30-13:30,3:00,5/12/2015 10:30:00,5/12/2015 13:30:00
1,106,SPRb03,12/09/2015,Maquillaje Social profesional de 3hs y 6 meses,"Esfumatura de ojos caídos y encapotados, colocación de pestañas (delineado), SPRb",7,12/12/2015,Sab,10:30-13:30,3:00,12/12/2015 10:30:00,12/12/2015 13:30:00
1,107,SPRb03,12/09/2015,Maquillaje Social profesional de 3hs y 6 meses,"Diseño y perfilado de cejas, SPRb",7,19/12/2015,Sab,10:30-13:30,3:00,19/12/2015 10:30:00,19/12/2015 13:30:00
1,108,SPRb03,12/09/2015,Maquillaje Social profesional de 3hs y 6 meses,"Corrector o color? Rubor - labios, SPRb",7,26/12/2015,Sab,10:30-13:30,3:00,26/12/2015 10:30:00,26/12/2015 13:30:00
1,109,SPRb03,12/09/2015,Maquillaje Social profesional de 3hs y 6 meses,"Maquillaje para adolescentes , SPRb",7,2/01/2016,Sab,10:30-13:30,3:00,2/01/2016 10:30:00,2/01/2016 13:30:00
1,110,SPRb03,12/09/2015,Maquillaje Social profesional de 3hs y 6 meses,"Maquillaje para novias, SPRb",7,9/01/2016,Sab,10:30-13:30,3:00,9/01/2016 10:30:00,9/01/2016 13:30:00
1,111,SPRb03,12/09/2015,Maquillaje Social profesional de 3hs y 6 meses,"Maquillaje de rejuvenecimiento , SPRb",7,16/01/2016,Sab,10:30-13:30,3:00,16/01/2016 10:30:00,16/01/2016 13:30:00
1,112,SPRb03,12/09/2015,Maquillaje Social profesional de 3hs y 6 meses,"Maquillaje para fotografía - HD Book, SPRb",7,23/01/2016,Sab,10:30-13:30,3:00,23/01/2016 10:30:00,23/01/2016 13:30:00
1,113,SPRb03,12/09/2015,Maquillaje Social profesional de 3hs y 6 meses,"Maquillaje para pasarela y book, SPRb",7,30/01/2016,Sab,10:30-13:30,3:00,30/01/2016 10:30:00,30/01/2016 13:30:00
1,114,SPRb03,12/09/2015,Maquillaje Social profesional de 3hs y 6 meses,"Maquillaje para TV y teatro, SPRb",7,6/02/2016,Sab,10:30-13:30,3:00,6/02/2016 10:30:00,6/02/2016 13:30:00
1,115,SPRb03,12/09/2015,Maquillaje Social profesional de 3hs y 6 meses,"Psicología y marqueting del maquillaje, SPRb",7,13/02/2016,Sab,10:30-13:30,3:00,13/02/2016 10:30:00,13/02/2016 13:30:00
1,116,SPRb03,12/09/2015,Maquillaje Social profesional de 3hs y 6 meses,"Evaluación , SPRb",7,20/02/2016,Sab,10:30-13:30,3:00,20/02/2016 10:30:00,20/02/2016 13:30:00
1,14,P0506,7/10/2015,Adolescentes novias y madrinas,"adolescentes , SPRa, MPA, P05, P06",-136,7/10/2015,Mie,18:30-21:30,3:00,7/10/2015 18:30:00,7/10/2015 21:30:00
1,15,P0506,7/10/2015,Adolescentes novias y madrinas,"novias, SPRa, MPA, P05, P06",7,14/10/2015,Mie,18:30-21:30,3:00,14/10/2015 18:30:00,14/10/2015 21:30:00
1,16,P0506,7/10/2015,Adolescentes novias y madrinas,"rejuvenecimiento , SPRa, MPA, P05",7,21/10/2015,Mie,18:30-21:30,3:00,21/10/2015 18:30:00,21/10/2015 21:30:00
1,14,P0507,17/10/2015,Adolescentes novias y madrinas,"adolescentes , SPRa, MPA, P05, P06",-4,17/10/2015,Sab,15:30-18:30,3:00,17/10/2015 15:30:00,17/10/2015 18:30:00
1,15,P0507,17/10/2015,Adolescentes novias y madrinas,"novias, SPRa, MPA, P05, P06",7,24/10/2015,Sab,15:30-18:30,3:00,24/10/2015 15:30:00,24/10/2015 18:30:00
1,16,P0507,17/10/2015,Adolescentes novias y madrinas,"rejuvenecimiento , SPRa, MPA, P05",7,31/10/2015,Sab,15:30-18:30,3:00,31/10/2015 15:30:00,31/10/2015 18:30:00